{"cameraMode":{"drawMode":0,"name":"Shaded","section":"Shading Mode"},"sceneLighting":true,"audioPlay":false,"sceneViewState":{"m_AlwaysRefresh":false,"showFog":true,"showSkybox":true,"showFlares":true,"showImageEffects":true,"showParticleSystems":true,"showVisualEffectGraphs":true,"m_FxEnabled":true},"in2DMode":false,"pivot":{"x":-2.0019423961639406,"y":3.946742534637451,"z":7.645627975463867},"rotation":{"x":0.08838388323783875,"y":-0.004481806885451078,"z":0.0003979038738179952,"w":0.9960781931877136},"size":10.97749137878418,"orthographic":true}