{"cameraMode":{"drawMode":0,"name":"Shaded","section":"Shading Mode"},"sceneLighting":true,"audioPlay":false,"sceneViewState":{"m_AlwaysRefresh":false,"showFog":true,"showSkybox":true,"showFlares":true,"showImageEffects":true,"showParticleSystems":true,"showVisualEffectGraphs":true,"m_FxEnabled":true},"in2DMode":false,"pivot":{"x":7.252126216888428,"y":1.3047057390213013,"z":-2.8063507080078127},"rotation":{"x":-0.16109980642795564,"y":0.07748439908027649,"z":-0.012688529677689076,"w":-0.9838134050369263},"size":12.966621398925782,"orthographic":false}