{"cameraMode":{"drawMode":0,"name":"Shaded","section":"Shading Mode"},"sceneLighting":false,"audioPlay":false,"sceneViewState":{"m_AlwaysRefresh":false,"showFog":true,"showSkybox":false,"showFlares":true,"showImageEffects":true,"showParticleSystems":true,"showVisualEffectGraphs":true,"m_FxEnabled":true},"in2DMode":false,"pivot":{"x":8.474570274353028,"y":1.5249953269958497,"z":-0.24162039160728455},"rotation":{"x":0.059309449046850207,"y":0.6919013261795044,"z":-0.057211585342884067,"w":0.7172682285308838},"size":1.036393404006958,"orthographic":false}