{"cameraMode":{"drawMode":0,"name":"Shaded","section":"Shading Mode"},"sceneLighting":false,"audioPlay":false,"sceneViewState":{"m_AlwaysRefresh":false,"showFog":true,"showSkybox":false,"showFlares":true,"showImageEffects":true,"showParticleSystems":true,"showVisualEffectGraphs":true,"m_FxEnabled":true},"in2DMode":false,"pivot":{"x":26.976999282836915,"y":2.519237995147705,"z":-0.009999990463256836},"rotation":{"x":0.027300849556922914,"y":0.019802583381533624,"z":-0.0006154698203317821,"w":0.999500036239624},"size":2.0615527629852297,"orthographic":false}