{"cameraMode":{"drawMode":0,"name":"Shaded","section":"Shading Mode"},"sceneLighting":false,"audioPlay":false,"sceneViewState":{"m_AlwaysRefresh":false,"showFog":true,"showSkybox":false,"showFlares":true,"showImageEffects":true,"showParticleSystems":true,"showVisualEffectGraphs":true,"m_FxEnabled":true},"in2DMode":false,"pivot":{"x":-6.312998294830322,"y":1.818555474281311,"z":-0.19082941114902497},"rotation":{"x":-0.03179255500435829,"y":0.9074464440345764,"z":-0.06983806937932968,"w":-0.41310086846351626},"size":1.2294762134552003,"orthographic":false}